{
  "next_page_id": 23,
  "free_pages": [],
  "allocated_pages": [
    1,
    2,
    3,
    4,
    5,
    6,
    7,
    8,
    9,
    10,
    11,
    12,
    13,
    14,
    15,
    16,
    17,
    18,
    19,
    20,
    21,
    22
  ],
  "page_usage": {
    "1": {
      "allocated_time": 1757762289.3608124,
      "access_count": 1,
      "last_access": 1757762319.377541,
      "tablespace": "default"
    },
    "2": {
      "allocated_time": 1757762714.4723566,
      "access_count": 18,
      "last_access": 1757842639.0866067,
      "tablespace": "default"
    },
    "3": {
      "allocated_time": 1757763000.9806066,
      "access_count": 1,
      "last_access": 1757763030.9969769,
      "tablespace": "default"
    },
    "4": {
      "allocated_time": 1757775475.2437756,
      "access_count": 1,
      "last_access": 1757775505.2565167,
      "tablespace": "default"
    },
    "5": {
      "allocated_time": 1757775653.265961,
      "access_count": 1,
      "last_access": 1757775713.2667167,
      "tablespace": "default"
    },
    "6": {
      "allocated_time": 1757776019.3826096,
      "access_count": 14,
      "last_access": 1757842639.0866067,
      "tablespace": "default"
    },
    "7": {
      "allocated_time": 1757776166.1909645,
      "access_count": 1,
      "last_access": 1757776196.196267,
      "tablespace": "default"
    },
    "8": {
      "allocated_time": 1757776653.3496597,
      "access_count": 0,
      "last_access": null,
      "tablespace": "default"
    },
    "9": {
      "allocated_time": 1757776965.739391,
      "access_count": 1,
      "last_access": 1757777025.751488,
      "tablespace": "default"
    },
    "10": {
      "allocated_time": 1757778333.7868886,
      "access_count": 11,
      "last_access": 1757842639.0882244,
      "tablespace": "default"
    },
    "11": {
      "allocated_time": 1757778794.760104,
      "access_count": 0,
      "last_access": null,
      "tablespace": "default"
    },
    "12": {
      "allocated_time": 1757779107.4257083,
      "access_count": 9,
      "last_access": 1757842639.0892508,
      "tablespace": "default"
    },
    "13": {
      "allocated_time": 1757779467.9557347,
      "access_count": 1,
      "last_access": 1757779527.9646895,
      "tablespace": "default"
    },
    "14": {
      "allocated_time": 1757782020.9969494,
      "access_count": 9,
      "last_access": 1757842639.0902493,
      "tablespace": "default"
    },
    "15": {
      "allocated_time": 1757782251.6210856,
      "access_count": 1,
      "last_access": 1757782296.1908026,
      "tablespace": "default"
    },
    "16": {
      "allocated_time": 1757782843.0802152,
      "access_count": 1,
      "last_access": 1757782845.477075,
      "tablespace": "default"
    },
    "17": {
      "allocated_time": 1757783472.3823495,
      "access_count": 1,
      "last_access": 1757783494.601313,
      "tablespace": "default"
    },
    "18": {
      "allocated_time": 1757783901.465006,
      "access_count": 1,
      "last_access": 1757783903.617139,
      "tablespace": "default"
    },
    "19": {
      "allocated_time": 1757831590.0519044,
      "access_count": 1,
      "last_access": 1757831650.0372593,
      "tablespace": "default"
    },
    "20": {
      "allocated_time": 1757831852.0053394,
      "access_count": 1,
      "last_access": 1757831912.0091062,
      "tablespace": "default"
    },
    "21": {
      "allocated_time": 1757837340.2026782,
      "access_count": 2,
      "last_access": 1757842639.0912502,
      "tablespace": "default"
    },
    "22": {
      "allocated_time": 1757842639.0912502,
      "access_count": 1,
      "last_access": 1757842699.0985625,
      "tablespace": "default"
    }
  },
  "page_tablespaces": {
    "1": "default",
    "2": "default",
    "3": "default",
    "4": "default",
    "5": "default",
    "6": "default",
    "7": "default",
    "8": "default",
    "9": "default",
    "10": "default",
    "11": "default",
    "12": "default",
    "13": "default",
    "14": "default",
    "15": "default",
    "16": "default",
    "17": "default",
    "18": "default",
    "19": "default",
    "20": "default",
    "21": "default",
    "22": "default"
  },
  "last_modification": 1757845207.0081482,
  "version": "1.0",
  "total_allocated": 22,
  "total_free": 0
}