{
  "next_page_id": 42,
  "free_pages": [],
  "allocated_pages": [
    1,
    2,
    3,
    4,
    5,
    6,
    7,
    8,
    9,
    10,
    11,
    12,
    13,
    14,
    15,
    16,
    17,
    18,
    19,
    20,
    21,
    22,
    23,
    24,
    25,
    26,
    27,
    28,
    29,
    30,
    31,
    32,
    33,
    34,
    35,
    36,
    37,
    38,
    39,
    40,
    41
  ],
  "page_usage": {
    "1": {
      "allocated_time": 1757762289.3608124,
      "access_count": 1,
      "last_access": 1757762319.377541,
      "tablespace": "default"
    },
    "2": {
      "allocated_time": 1757762714.4723566,
      "access_count": 35,
      "last_access": 1757905030.0536013,
      "tablespace": "default"
    },
    "3": {
      "allocated_time": 1757763000.9806066,
      "access_count": 1,
      "last_access": 1757763030.9969769,
      "tablespace": "default"
    },
    "4": {
      "allocated_time": 1757775475.2437756,
      "access_count": 1,
      "last_access": 1757775505.2565167,
      "tablespace": "default"
    },
    "5": {
      "allocated_time": 1757775653.265961,
      "access_count": 1,
      "last_access": 1757775713.2667167,
      "tablespace": "default"
    },
    "6": {
      "allocated_time": 1757776019.3826096,
      "access_count": 14,
      "last_access": 1757842639.0866067,
      "tablespace": "default"
    },
    "7": {
      "allocated_time": 1757776166.1909645,
      "access_count": 1,
      "last_access": 1757776196.196267,
      "tablespace": "default"
    },
    "8": {
      "allocated_time": 1757776653.3496597,
      "access_count": 0,
      "last_access": null,
      "tablespace": "default"
    },
    "9": {
      "allocated_time": 1757776965.739391,
      "access_count": 1,
      "last_access": 1757777025.751488,
      "tablespace": "default"
    },
    "10": {
      "allocated_time": 1757778333.7868886,
      "access_count": 11,
      "last_access": 1757842639.0882244,
      "tablespace": "default"
    },
    "11": {
      "allocated_time": 1757778794.760104,
      "access_count": 0,
      "last_access": null,
      "tablespace": "default"
    },
    "12": {
      "allocated_time": 1757779107.4257083,
      "access_count": 9,
      "last_access": 1757842639.0892508,
      "tablespace": "default"
    },
    "13": {
      "allocated_time": 1757779467.9557347,
      "access_count": 1,
      "last_access": 1757779527.9646895,
      "tablespace": "default"
    },
    "14": {
      "allocated_time": 1757782020.9969494,
      "access_count": 9,
      "last_access": 1757842639.0902493,
      "tablespace": "default"
    },
    "15": {
      "allocated_time": 1757782251.6210856,
      "access_count": 1,
      "last_access": 1757782296.1908026,
      "tablespace": "default"
    },
    "16": {
      "allocated_time": 1757782843.0802152,
      "access_count": 1,
      "last_access": 1757782845.477075,
      "tablespace": "default"
    },
    "17": {
      "allocated_time": 1757783472.3823495,
      "access_count": 1,
      "last_access": 1757783494.601313,
      "tablespace": "default"
    },
    "18": {
      "allocated_time": 1757783901.465006,
      "access_count": 1,
      "last_access": 1757783903.617139,
      "tablespace": "default"
    },
    "19": {
      "allocated_time": 1757831590.0519044,
      "access_count": 1,
      "last_access": 1757831650.0372593,
      "tablespace": "default"
    },
    "20": {
      "allocated_time": 1757831852.0053394,
      "access_count": 1,
      "last_access": 1757831912.0091062,
      "tablespace": "default"
    },
    "21": {
      "allocated_time": 1757837340.2026782,
      "access_count": 2,
      "last_access": 1757842639.0912502,
      "tablespace": "default"
    },
    "22": {
      "allocated_time": 1757842639.0912502,
      "access_count": 1,
      "last_access": 1757842699.0985625,
      "tablespace": "default"
    },
    "23": {
      "allocated_time": 1757856495.8360019,
      "access_count": 19,
      "last_access": 1757905030.0546017,
      "tablespace": "default"
    },
    "24": {
      "allocated_time": 1757897795.0810304,
      "access_count": 1,
      "last_access": 1757897855.0903053,
      "tablespace": "default"
    },
    "25": {
      "allocated_time": 1757898134.8644607,
      "access_count": 17,
      "last_access": 1757905030.055638,
      "tablespace": "default"
    },
    "26": {
      "allocated_time": 1757898259.2068446,
      "access_count": 1,
      "last_access": 1757898289.2087505,
      "tablespace": "default"
    },
    "27": {
      "allocated_time": 1757898363.2978966,
      "access_count": 1,
      "last_access": 1757898375.1151593,
      "tablespace": "default"
    },
    "28": {
      "allocated_time": 1757899717.846437,
      "access_count": 1,
      "last_access": 1757899722.068205,
      "tablespace": "default"
    },
    "29": {
      "allocated_time": 1757899757.4631813,
      "access_count": 1,
      "last_access": 1757899762.1051006,
      "tablespace": "default"
    },
    "30": {
      "allocated_time": 1757900418.5798771,
      "access_count": 1,
      "last_access": 1757900421.2644062,
      "tablespace": "default"
    },
    "31": {
      "allocated_time": 1757900493.0633612,
      "access_count": 1,
      "last_access": 1757900496.5007243,
      "tablespace": "default"
    },
    "32": {
      "allocated_time": 1757900843.8528125,
      "access_count": 1,
      "last_access": 1757900864.3885272,
      "tablespace": "default"
    },
    "33": {
      "allocated_time": 1757900888.4693058,
      "access_count": 1,
      "last_access": 1757900893.7609863,
      "tablespace": "default"
    },
    "34": {
      "allocated_time": 1757902614.0781095,
      "access_count": 1,
      "last_access": 1757902657.5079618,
      "tablespace": "default"
    },
    "35": {
      "allocated_time": 1757903344.7298057,
      "access_count": 1,
      "last_access": 1757903347.0726104,
      "tablespace": "default"
    },
    "36": {
      "allocated_time": 1757903750.7359564,
      "access_count": 1,
      "last_access": 1757903757.0484228,
      "tablespace": "default"
    },
    "37": {
      "allocated_time": 1757904079.538034,
      "access_count": 1,
      "last_access": 1757904083.0940773,
      "tablespace": "default"
    },
    "38": {
      "allocated_time": 1757904094.6573348,
      "access_count": 1,
      "last_access": 1757904101.1874568,
      "tablespace": "default"
    },
    "39": {
      "allocated_time": 1757904374.8713372,
      "access_count": 1,
      "last_access": 1757904379.8971248,
      "tablespace": "default"
    },
    "40": {
      "allocated_time": 1757904456.964114,
      "access_count": 1,
      "last_access": 1757904461.29293,
      "tablespace": "default"
    },
    "41": {
      "allocated_time": 1757905030.0576198,
      "access_count": 1,
      "last_access": 1757905090.0612092,
      "tablespace": "default"
    }
  },
  "page_tablespaces": {
    "1": "default",
    "2": "default",
    "3": "default",
    "4": "default",
    "5": "default",
    "6": "default",
    "7": "default",
    "8": "default",
    "9": "default",
    "10": "default",
    "11": "default",
    "12": "default",
    "13": "default",
    "14": "default",
    "15": "default",
    "16": "default",
    "17": "default",
    "18": "default",
    "19": "default",
    "20": "default",
    "21": "default",
    "22": "default",
    "23": "default",
    "24": "default",
    "25": "default",
    "26": "default",
    "27": "default",
    "28": "default",
    "29": "default",
    "30": "default",
    "31": "default",
    "32": "default",
    "33": "default",
    "34": "default",
    "35": "default",
    "36": "default",
    "37": "default",
    "38": "default",
    "39": "default",
    "40": "default",
    "41": "default"
  },
  "last_modification": 1757905095.771693,
  "version": "1.0",
  "total_allocated": 41,
  "total_free": 0
}